Wacom, Adham, ., 2
Wacom, Adham, ?, 3
Wacom, Adham, E1, 113
Wacom, Adham, E2, 113
Wacom, Adham, K1, 32
Wacom, Adham, K2, 33
Wacom, Adham, K3, 24
Wacom, Adham, P, 3
Wacom, Adham, S, 41
Wacom, Adham, a, 114
Wacom, Adham, e, 180
Wacom, Adham, f1, 20
Wacom, Adham, f2, 20
Wacom, Adham, h, 26
Wacom, Adham, i1, 133
Wacom, Adham, i2, 134
Wacom, Adham, l, 23
Wacom, Adham, m, 139
Wacom, Adham, n, 103
Wacom, Adham, p, 21
Wacom, Adham, r, 61
Wacom, Adham, s, 32
Wacom, Adham, t1, 20
Wacom, Adham, t2, 20
Wacom, Adham, u, 1
Wacom, Alex,  , 2
Wacom, Alex, ?, 898
Wacom, Alex, A1, 36
Wacom, Alex, A2, 36
Wacom, Alex, E, 230
Wacom, Alex, I, 1
Wacom, Alex, K1, 173
Wacom, Alex, K2, 173
Wacom, Alex, P, 14
Wacom, Alex, R, 195
Wacom, Alex, R1, 2
Wacom, Alex, R2, 2
Wacom, Alex, S, 331
Wacom, Alex, a, 3
Wacom, Alex, a1, 255
Wacom, Alex, a2, 279
Wacom, Alex, b, 89
Wacom, Alex, c, 366
Wacom, Alex, d, 1
Wacom, Alex, e, 1124
Wacom, Alex, f, 30
Wacom, Alex, f1, 37
Wacom, Alex, f2, 30
Wacom, Alex, h, 553
Wacom, Alex, i, 15
Wacom, Alex, i1, 369
Wacom, Alex, i2, 384
Wacom, Alex, k, 6
Wacom, Alex, k1, 180
Wacom, Alex, k2, 174
Wacom, Alex, l, 416
Wacom, Alex, m, 204
Wacom, Alex, n, 95
Wacom, Alex, o, 203
Wacom, Alex, p, 161
Wacom, Alex, q, 1
Wacom, Alex, r, 569
Wacom, Alex, r2, 1
Wacom, Alex, s, 230
Wacom, Alex, t, 8
Wacom, Alex, t1, 85
Wacom, Alex, t2, 86
Wacom, Alex, u, 366
Wacom, Alex, v, 2
Wacom, Alex, w, 1
Wacom, Alex, x1, 37
Wacom, Alex, x2, 37
Wacom, Alex, y, 1
Wacom, Alex, z, 133
Wacom, Alex, î2, 1
Wacom, Alex, ？, 1
Wacom, Daniel, -, 16
Wacom, Daniel, ., 1
Wacom, Daniel, ?, 34
Wacom, Daniel, C, 5
Wacom, Daniel, E, 1
Wacom, Daniel, E1, 52
Wacom, Daniel, E2, 52
Wacom, Daniel, E3, 51
Wacom, Daniel, G, 3
Wacom, Daniel, I, 6
Wacom, Daniel, K1, 131
Wacom, Daniel, K2, 127
Wacom, Daniel, L, 10
Wacom, Daniel, O, 2
Wacom, Daniel, P, 25
Wacom, Daniel, S, 122
Wacom, Daniel, Z, 1
Wacom, Daniel, a, 531
Wacom, Daniel, c, 24
Wacom, Daniel, e, 605
Wacom, Daniel, e1, 5
Wacom, Daniel, e2, 5
Wacom, Daniel, h, 6
Wacom, Daniel, i, 1
Wacom, Daniel, i1, 171
Wacom, Daniel, i2, 171
Wacom, Daniel, k2, 1
Wacom, Daniel, l, 46
Wacom, Daniel, m, 517
Wacom, Daniel, n, 383
Wacom, Daniel, o, 98
Wacom, Daniel, p, 83
Wacom, Daniel, p1, 12
Wacom, Daniel, p2, 13
Wacom, Daniel, q, 1
Wacom, Daniel, r, 430
Wacom, Daniel, r1, 1
Wacom, Daniel, r2, 1
Wacom, Daniel, s, 69
Wacom, Daniel, t, 10
Wacom, Daniel, u, 2
Wacom, Daniel, v, 3
Wacom, Daniel, w, 3
Wacom, Daniel, z, 66
Wacom, Daniel, z1, 22
Wacom, Daniel, z2, 21
Wacom, Experiments, a, 32
Wacom, Maria_Theresa, ?, 82
Wacom, Maria_Theresa, K1, 10
Wacom, Maria_Theresa, K2, 10
Wacom, Maria_Theresa, K3, 9
Wacom, Maria_Theresa, P, 4
Wacom, Maria_Theresa, S, 63
Wacom, Maria_Theresa, a, 13
Wacom, Maria_Theresa, b, 12
Wacom, Maria_Theresa, c, 12
Wacom, Maria_Theresa, e, 1235
Wacom, Maria_Theresa, f1, 25
Wacom, Maria_Theresa, f2, 24
Wacom, Maria_Theresa, h, 12
Wacom, Maria_Theresa, i1, 50
Wacom, Maria_Theresa, i2, 50
Wacom, Maria_Theresa, k, 12
Wacom, Maria_Theresa, l, 26
Wacom, Maria_Theresa, m, 1
Wacom, Maria_Theresa, n, 52
Wacom, Maria_Theresa, p, 22
Wacom, Maria_Theresa, r, 33
Wacom, Maria_Theresa, s, 1
Wacom, Maria_Theresa, t1, 26
Wacom, Maria_Theresa, t2, 26
Wacom, Maria_Theresa, u, 12
Wacom, Maria_Theresa, z, 10
Wacom, Minnie, ?, 49
Wacom, Minnie, E1, 28
Wacom, Minnie, E2, 27
Wacom, Minnie, E3, 28
Wacom, Minnie, I, 1
Wacom, Minnie, P, 2
Wacom, Minnie, R, 16
Wacom, Minnie, S, 30
Wacom, Minnie, b, 1
Wacom, Minnie, c, 16
Wacom, Minnie, e, 79
Wacom, Minnie, e1, 7
Wacom, Minnie, e2, 6
Wacom, Minnie, f, 3
Wacom, Minnie, f1, 11
Wacom, Minnie, f2, 11
Wacom, Minnie, h, 30
Wacom, Minnie, i1, 55
Wacom, Minnie, i2, 54
Wacom, Minnie, l, 44
Wacom, Minnie, m, 27
Wacom, Minnie, m2, 1
Wacom, Minnie, n, 31
Wacom, Minnie, n1, 1
Wacom, Minnie, o, 16
Wacom, Minnie, p, 14
Wacom, Minnie, r, 27
Wacom, Minnie, s, 16
Wacom, Minnie, t, 1
Wacom, Minnie, t1, 12
Wacom, Minnie, t2, 12
Wacom, Minnie, u, 16
Wacom, Yuanchen, -, 1
Wacom, Yuanchen, ?, 74
Wacom, Yuanchen, H1, 1
Wacom, Yuanchen, H2, 1
Wacom, Yuanchen, H3, 1
Wacom, Yuanchen, I, 3
Wacom, Yuanchen, I1, 1
Wacom, Yuanchen, I2, 1
Wacom, Yuanchen, O, 1
Wacom, Yuanchen, S, 1
Wacom, Yuanchen, W, 2
Wacom, Yuanchen, a, 232
Wacom, Yuanchen, a1, 1
Wacom, Yuanchen, a2, 1
Wacom, Yuanchen, b, 51
Wacom, Yuanchen, b1, 1
Wacom, Yuanchen, b2, 1
Wacom, Yuanchen, c, 56
Wacom, Yuanchen, d, 137
Wacom, Yuanchen, d1, 1
Wacom, Yuanchen, d2, 1
Wacom, Yuanchen, e, 353
Wacom, Yuanchen, f, 11
Wacom, Yuanchen, f1, 50
Wacom, Yuanchen, f2, 47
Wacom, Yuanchen, g, 46
Wacom, Yuanchen, h, 199
Wacom, Yuanchen, i, 3
Wacom, Yuanchen, i1, 140
Wacom, Yuanchen, i2, 149
Wacom, Yuanchen, k, 15
Wacom, Yuanchen, k1, 1
Wacom, Yuanchen, k2, 1
Wacom, Yuanchen, l, 87
Wacom, Yuanchen, m, 62
Wacom, Yuanchen, n, 204
Wacom, Yuanchen, o, 170
Wacom, Yuanchen, p, 4
Wacom, Yuanchen, p1, 20
Wacom, Yuanchen, p2, 24
Wacom, Yuanchen, q, 2
Wacom, Yuanchen, r, 190
Wacom, Yuanchen, s, 166
Wacom, Yuanchen, t, 9
Wacom, Yuanchen, t1, 276
Wacom, Yuanchen, t2, 270
Wacom, Yuanchen, u, 60
Wacom, Yuanchen, u1, 1
Wacom, Yuanchen, u2, 1
Wacom, Yuanchen, v, 32
Wacom, Yuanchen, w, 74
Wacom, Yuanchen, x1, 5
Wacom, Yuanchen, x2, 5
Wacom, Yuanchen, y, 52
Wacom, Yuanchen, z1, 2
Wacom, Yuanchen, z2, 2
