Tablet, Alex-May-21, -, 12
Tablet, Alex-May-21, ?, 548
Tablet, Alex-May-21, B, 44
Tablet, Alex-May-21, B1, 318
Tablet, Alex-May-21, B2, 318
Tablet, Alex-May-21, B3, 2
Tablet, Alex-May-21, C, 1
Tablet, Alex-May-21, E, 960
Tablet, Alex-May-21, E1, 22
Tablet, Alex-May-21, E2, 22
Tablet, Alex-May-21, E3, 20
Tablet, Alex-May-21, G, 1
Tablet, Alex-May-21, I, 3
Tablet, Alex-May-21, K, 68
Tablet, Alex-May-21, K1, 696
Tablet, Alex-May-21, K2, 714
Tablet, Alex-May-21, K3, 2
Tablet, Alex-May-21, P, 66
Tablet, Alex-May-21, R, 670
Tablet, Alex-May-21, R1, 24
Tablet, Alex-May-21, R2, 24
Tablet, Alex-May-21, S, 1794
Tablet, Alex-May-21, Z, 4
Tablet, Alex-May-21, a, 311
Tablet, Alex-May-21, a1, 1010
Tablet, Alex-May-21, a2, 1024
Tablet, Alex-May-21, b, 330
Tablet, Alex-May-21, c, 1345
Tablet, Alex-May-21, d, 2
Tablet, Alex-May-21, e, 6111
Tablet, Alex-May-21, f, 424
Tablet, Alex-May-21, f1, 298
Tablet, Alex-May-21, f2, 300
Tablet, Alex-May-21, h, 2071
Tablet, Alex-May-21, i, 2
Tablet, Alex-May-21, i1, 1888
Tablet, Alex-May-21, i2, 1934
Tablet, Alex-May-21, k, 168
Tablet, Alex-May-21, k1, 434
Tablet, Alex-May-21, k2, 424
Tablet, Alex-May-21, l, 2186
Tablet, Alex-May-21, m, 1012
Tablet, Alex-May-21, n, 862
Tablet, Alex-May-21, n1, 6
Tablet, Alex-May-21, n2, 6
Tablet, Alex-May-21, o, 744
Tablet, Alex-May-21, p, 796
Tablet, Alex-May-21, r, 2734
Tablet, Alex-May-21, s, 1161
Tablet, Alex-May-21, s1, 2
Tablet, Alex-May-21, s2, 2
Tablet, Alex-May-21, t, 357
Tablet, Alex-May-21, t1, 682
Tablet, Alex-May-21, t2, 682
Tablet, Alex-May-21, u, 1348
Tablet, Alex-May-21, v, 9
Tablet, Alex-May-21, y, 1
Tablet, Alex-May-21, z, 398
